NUM VERTICES,SMLVO, SMODL, welshpowell,largestoriginaldegreelast, largestlast, uniformrandom
3,0,0,0,0,0,0
4,8.125e-06,5.333e-06,1.3e-05,5.75e-06,1.1292e-05,0.000454667
5,1.0792e-05,8.583e-06,9.042e-06,5.625e-06,9e-06,0.000252041
6,1.5584e-05,9.125e-06,1.3375e-05,8e-06,1.5792e-05,8.333e-06
7,2.1333e-05,1.2042e-05,2.5584e-05,1.1458e-05,2.2e-05,1.0458e-05
8,2.5542e-05,1.4292e-05,2.5e-05,1.3625e-05,2.5792e-05,1.2667e-05
9,3.6291e-05,1.5208e-05,3.8583e-05,1.75e-05,3.35e-05,1.8708e-05
10,3.9833e-05,2.1917e-05,3.925e-05,1.9458e-05,3.775e-05,2.3542e-05
11,4.8042e-05,2.625e-05,4.7375e-05,2.35e-05,4.6125e-05,2.85e-05
12,5.5208e-05,3.3583e-05,5.45e-05,3.45e-05,5.5083e-05,3.1208e-05
13,6.1833e-05,3.7334e-05,6.2042e-05,3.3541e-05,6.3333e-05,3.5125e-05
14,7.4834e-05,4.4417e-05,7.5042e-05,4.2042e-05,6.975e-05,4.0791e-05
15,8.3417e-05,4.9084e-05,8.6333e-05,4.4417e-05,7.6125e-05,4.7584e-05
16,9.225e-05,5.7625e-05,9.3083e-05,4.6875e-05,8.2459e-05,5.1208e-05
17,0.000105417,6.0959e-05,0.000105875,5.2791e-05,9.3583e-05,5.5084e-05
18,0.000118417,7.5084e-05,0.000119875,6.8042e-05,0.000113416,5.9416e-05
19,0.000129083,9.3375e-05,0.000130916,7.7667e-05,0.000124125,6.9583e-05
20,0.000144167,8.7584e-05,0.00014075,8.0541e-05,0.00013425,7.7458e-05
21,0.000164875,0.000100083,0.000162125,9.0375e-05,0.000158,8.5041e-05
22,0.000176791,0.000113291,0.000174417,0.000104708,0.000162917,8.9833e-05
23,0.00018525,0.000121,0.000196792,0.000107916,0.000174667,9.8958e-05
24,0.000212375,0.000135417,0.000215917,0.000121459,0.000197167,0.000110166
25,0.000248042,0.000141875,0.000232834,0.000148292,0.000210875,0.000121042
26,0.000244417,0.000154042,0.000246625,0.000149583,0.000236667,0.000130417
27,0.000265834,0.000173709,0.000272583,0.000172375,0.0002575,0.000136791
28,0.000309792,0.00018225,0.000295084,0.000171958,0.000274791,0.000154166
29,0.000350875,0.000184208,0.00031825,0.0001855,0.000307125,0.000168667
30,0.000353458,0.000201958,0.000361583,0.000204416,0.000328792,0.000182875
31,0.00038925,0.000224417,0.000376958,0.000231292,0.000359333,0.000191208
32,0.000392,0.000241792,0.000397208,0.000241375,0.000375,0.000199292
33,0.0004665,0.000265916,0.000432833,0.0002525,0.000409083,0.000226834
34,0.000507667,0.00028825,0.000462333,0.0002825,0.000446459,0.000249291
35,0.000545375,0.000309875,0.000484708,0.000293083,0.000480583,0.000272125
36,0.00058375,0.000323167,0.000517917,0.000301583,0.000508667,0.000284333
37,0.000602209,0.000355333,0.000543208,0.000338,0.000557583,0.000305167
38,0.000648166,0.00037225,0.000579583,0.000352083,0.000586583,0.000323666
39,0.000685416,0.000393083,0.000612625,0.00036675,0.000625584,0.000338417
40,0.00071275,0.000401792,0.000635042,0.00037075,0.000649667,0.000366084
41,0.000747208,0.000412459,0.000674042,0.000392791,0.000695334,0.000392292
42,0.000808875,0.000451167,0.000708208,0.000433667,0.00074925,0.000408875
43,0.000841,0.00047225,0.0007405,0.000455791,0.000764291,0.000427708
44,0.000861875,0.000495458,0.000788417,0.00045925,0.000805625,0.000451209
45,0.000922625,0.000522709,0.00081075,0.00048525,0.000841292,0.00046575
46,0.000993375,0.000553875,0.0008455,0.000519542,0.000895959,0.000501292
47,0.00103183,0.000571125,0.000888917,0.000541917,0.000941125,0.000528
48,0.00107254,0.000598292,0.000939084,0.00057375,0.000997584,0.000557125
49,0.00113179,0.000636833,0.000991209,0.000594,0.00103904,0.000587917
50,0.00120471,0.000654208,0.00111017,0.000648916,0.00108913,0.000619209
51,0.00125592,0.000693791,0.00115829,0.000654334,0.00115396,0.000636167
52,0.00133725,0.000715084,0.0012205,0.000691833,0.00124954,0.000688917
53,0.00142733,0.000751625,0.00128225,0.000733625,0.00129746,0.000726125
54,0.00148508,0.000790541,0.00129992,0.00077475,0.00135312,0.000765208
55,0.00149946,0.000821916,0.00134175,0.000790292,0.00138312,0.00082725
56,0.00155775,0.000893708,0.00138008,0.000797084,0.00144146,0.000848125
57,0.00167471,0.000973084,0.00145475,0.000867833,0.00151046,0.000934375
58,0.00182046,0.00100721,0.00152621,0.000920917,0.00164942,0.000975708
59,0.00190304,0.00104825,0.00157146,0.000977834,0.00170704,0.000991084
60,0.00192012,0.00107612,0.00161271,0.00101612,0.00175925,0.00103129
61,0.00204429,0.00111742,0.00169858,0.00108725,0.00186592,0.00107067
62,0.00218775,0.00113917,0.00177988,0.00111592,0.00193721,0.00111963
63,0.00220825,0.00119367,0.00184454,0.00115867,0.002013,0.00141638
64,0.00236746,0.00121058,0.001899,0.001204,0.00207012,0.00137425
65,0.00239071,0.00125613,0.00194896,0.00121358,0.00221954,0.00139721
66,0.00268175,0.001385,0.00210642,0.00136071,0.002483,0.00155367
67,0.00295646,0.00146921,0.00223254,0.00147508,0.00260804,0.00154292
68,0.00294246,0.00157125,0.00234546,0.00157292,0.00278079,0.00163346
69,0.00314408,0.00163558,0.002447,0.00167162,0.00282979,0.001636
70,0.00320979,0.0016875,0.00255396,0.00190571,0.00291367,0.00167575
71,0.00340371,0.00175296,0.00258271,0.0018425,0.00303213,0.00172842
72,0.00351558,0.00182983,0.00274467,0.00188608,0.00322154,0.00173617
73,0.00356342,0.00190212,0.00275679,0.00192971,0.00328692,0.00181004
74,0.00381504,0.00205662,0.00282546,0.00196337,0.00349337,0.00188554
75,0.00388275,0.00211367,0.00297504,0.00199746,0.00378187,0.00194975
76,0.00407179,0.00226408,0.002986,0.00204017,0.00369908,0.00202292
77,0.00419425,0.00231842,0.00313329,0.00211075,0.00379362,0.00208388
78,0.00457996,0.00229708,0.00317954,0.00216212,0.00392496,0.00215042
79,0.00432879,0.00234771,0.003385,0.00222396,0.00402933,0.00220975
80,0.0044775,0.00252612,0.00367437,0.00230175,0.00428696,0.002283
81,0.00472871,0.00263171,0.00370067,0.00234679,0.00423275,0.002358
82,0.0049665,0.00257583,0.00366229,0.00239525,0.00432717,0.00238629
83,0.00485846,0.00273292,0.00450658,0.00248933,0.00447054,0.00259833
84,0.00506625,0.00274975,0.00433512,0.00267833,0.00464196,0.00255592
85,0.00523187,0.002743,0.00416392,0.00271654,0.00481462,0.00265392
86,0.005501,0.00294683,0.00414108,0.00292292,0.00498917,0.00272908
87,0.00590125,0.00302346,0.00421267,0.00296462,0.0051595,0.002829
88,0.00573292,0.00307575,0.00424863,0.00295958,0.00550554,0.00292583
89,0.00595812,0.00312,0.00431017,0.00317933,0.00557062,0.00307037
90,0.0081995,0.00315983,0.00456512,0.00320096,0.00588558,0.00310288
91,0.00649313,0.00328242,0.00483117,0.00323487,0.00585042,0.00314783
92,0.00649746,0.0032975,0.00479871,0.00333638,0.00598958,0.00325071
93,0.00681417,0.00344817,0.00478254,0.00351508,0.00611233,0.00346208
94,0.00687958,0.00352937,0.00500542,0.00363442,0.00633404,0.00353125
95,0.00699133,0.00369962,0.00502775,0.00357996,0.00640833,0.00353792
96,0.00722371,0.00365442,0.00511579,0.00369733,0.00665438,0.00377846
97,0.00745188,0.00372838,0.00534846,0.00375917,0.00675238,0.00374367
98,0.00795567,0.00381825,0.00533596,0.00384058,0.00688129,0.00382179
99,0.00794283,0.00410738,0.00553696,0.00389946,0.00719896,0.00384012
100,0.00859008,0.00416479,0.00577821,0.00399075,0.0072365,0.003904
101,0.00813479,0.00438838,0.00575821,0.00411608,0.00750392,0.00407025
102,0.00828663,0.00434125,0.00595058,0.00430554,0.00772888,0.00416708
103,0.009538,0.00456146,0.00601971,0.00430075,0.00787,0.00432521
104,0.00851017,0.00456117,0.00614029,0.00442208,0.00804592,0.00447396
105,0.0101332,0.00461063,0.00624621,0.00453171,0.00832067,0.00457887
106,0.010889,0.00480279,0.00640104,0.00462733,0.00847571,0.00459587
107,0.00990317,0.0048195,0.00667504,0.00479042,0.00892225,0.00467663
108,0.0129147,0.00498921,0.00675879,0.00486875,0.00889217,0.00478796
109,0.0105545,0.005116,0.00700396,0.00495683,0.00953967,0.00492033
110,0.0154141,0.00529375,0.00705233,0.00513179,0.00998229,0.00501829
111,0.0110334,0.005333,0.00719013,0.00535058,0.00961021,0.00511954
112,0.013497,0.00542121,0.00745517,0.00531696,0.00981117,0.00522283
113,0.011424,0.00549967,0.00757342,0.00538087,0.0100148,0.00533071
114,0.0281875,0.00565396,0.00788233,0.00558421,0.0103191,0.00550517
115,0.0118528,0.00590962,0.00791246,0.00571471,0.010776,0.00563917
116,0.0131911,0.00600908,0.00806108,0.0058525,0.0110189,0.00578346
117,0.0126053,0.00619058,0.00827317,0.00597233,0.0112178,0.00602779
118,0.0128885,0.00628321,0.0084795,0.00612658,0.0114729,0.00630229
119,0.0130019,0.0065695,0.00868137,0.00635788,0.0117353,0.00640267
120,0.0131742,0.00656904,0.00888242,0.00644354,0.0120551,0.00637863
121,0.0146799,0.00672117,0.00907271,0.00658625,0.012411,0.006572
122,0.014099,0.006871,0.00939296,0.00667596,0.0125572,0.00665692
123,0.0148932,0.00707379,0.00956333,0.00687421,0.0127909,0.00687496
124,0.0151999,0.00716208,0.00974467,0.00705646,0.0130997,0.00693579
125,0.0157554,0.00742821,0.00987654,0.00721262,0.0135661,0.00714938
126,0.0155137,0.00749108,0.0101358,0.00746546,0.0141117,0.00742646
127,0.0154248,0.00782313,0.0103075,0.00770412,0.014126,0.00762992
128,0.0168531,0.00779546,0.0105214,0.00774971,0.014322,0.00786929
129,0.0165176,0.00803704,0.0107003,0.00785433,0.0146013,0.00780358
130,0.0176018,0.00849038,0.0113364,0.00840658,0.0160293,0.00832442
131,0.0196209,0.00885075,0.0117005,0.00873771,0.0167222,0.00871696
132,0.020515,0.00917642,0.0120378,0.00902075,0.0171968,0.00902192
133,0.0208965,0.00953371,0.0122561,0.00924683,0.0176962,0.00918712
134,0.0312028,0.00975612,0.0127868,0.00954537,0.018314,0.00951221
135,0.0218895,0.00987317,0.0127275,0.00971033,0.0186283,0.00989671
136,0.0221688,0.0101698,0.0129988,0.010535,0.0191334,0.0103414
137,0.0215785,0.0102804,0.0133382,0.0101279,0.019493,0.0100561
138,0.0217273,0.0104997,0.0135227,0.0103434,0.0200605,0.0102682
139,0.0223077,0.0107344,0.0138255,0.0105905,0.0204501,0.0105364
140,0.0235876,0.0110189,0.0140354,0.0108388,0.0207713,0.0107177
141,0.024115,0.0111232,0.0142158,0.0111048,0.021353,0.0108812
142,0.023902,0.011315,0.0145627,0.0113674,0.0218713,0.0112452
143,0.0246584,0.0116454,0.0148188,0.0114373,0.0219927,0.0116119
144,0.0253779,0.0117922,0.01514,0.0116282,0.0227513,0.0119184
145,0.0253889,0.0120031,0.0152605,0.0120047,0.0230813,0.0118075
146,0.0263267,0.0122414,0.0154934,0.0121225,0.0232744,0.0119331
147,0.0261597,0.0125354,0.0157658,0.0124557,0.0238473,0.0122027
148,0.0255057,0.0125874,0.0161132,0.012649,0.0240941,0.0123488
149,0.025822,0.0128186,0.0163834,0.0127165,0.0244916,0.0125974
150,0.0263824,0.0130926,0.0166802,0.0128252,0.025217,0.012744
151,0.0271969,0.0133464,0.0167656,0.0130406,0.0253632,0.0128879
152,0.0272308,0.0138298,0.0170159,0.0132583,0.0257898,0.0130826
153,0.0501105,0.0136213,0.017338,0.0134828,0.0263434,0.0134689
154,0.0270856,0.0140631,0.017549,0.0137667,0.0266969,0.0135996
155,0.02956,0.0141812,0.0177792,0.0138526,0.0271354,0.0137803
156,0.0278692,0.01436,0.0180388,0.0140983,0.0276408,0.014011
157,0.0280458,0.0145577,0.0182656,0.0144265,0.0282965,0.0142703
158,0.0285935,0.0147862,0.0186782,0.014574,0.0284558,0.01448
159,0.0290811,0.0150158,0.018957,0.014956,0.0288811,0.0147112
160,0.0296345,0.0152136,0.0191537,0.015035,0.0294675,0.014916
161,0.0298246,0.0156114,0.0194756,0.0151908,0.0298273,0.0151831
162,0.0302463,0.0157991,0.0197676,0.0155932,0.0304011,0.0153903
163,0.0307764,0.0159807,0.0200316,0.0158422,0.0306626,0.0157218
164,0.0315825,0.0162288,0.0203361,0.0163672,0.0316654,0.0158845
165,0.0321458,0.0168955,0.0209012,0.0163475,0.0320464,0.0162053
166,0.0326485,0.0168997,0.0210976,0.0167482,0.0325908,0.0164464
167,0.033042,0.0170358,0.0214135,0.0169221,0.03316,0.0168371
168,0.0340166,0.0173134,0.0216486,0.0171275,0.0337832,0.0170487
169,0.0342267,0.0176669,0.021896,0.0173267,0.0338893,0.0173407
170,0.0350264,0.017877,0.0222126,0.0179381,0.0349187,0.0174784
171,0.0351472,0.0180944,0.022536,0.0179386,0.0350913,0.017944
172,0.0361198,0.0184111,0.0228588,0.0181926,0.0360804,0.0181805
173,0.0365807,0.0188782,0.0231948,0.0184277,0.0360593,0.0183157
174,0.0369231,0.0190055,0.0235064,0.0186949,0.0373263,0.0185986
175,0.0373618,0.0192169,0.0239284,0.0188987,0.0372205,0.018851
176,0.038386,0.019545,0.0242104,0.0193123,0.0380134,0.0191434
177,0.0387103,0.0199785,0.0245472,0.019661,0.0385318,0.0195669
178,0.0392797,0.0200714,0.0248093,0.019768,0.0389937,0.0198343
179,0.0392252,0.0203302,0.025063,0.0201092,0.0393766,0.02014
180,0.0404348,0.0205887,0.0253526,0.0205223,0.0406594,0.020431
181,0.0409993,0.021089,0.0259371,0.020797,0.040702,0.020801
182,0.0418559,0.021386,0.0261619,0.0210895,0.0414482,0.0212538
183,0.0419398,0.0216212,0.0264699,0.0214046,0.042501,0.0215838
184,0.0428975,0.0220667,0.027047,0.0216462,0.0426176,0.0218566
185,0.0434088,0.0222892,0.0272347,0.0222869,0.0440711,0.0225487
186,0.0440885,0.0225876,0.0276022,0.0223333,0.0440659,0.022374
187,0.0445435,0.0230758,0.0281412,0.0227229,0.0443625,0.0226206
188,0.0457282,0.0233126,0.028461,0.0231464,0.0453471,0.0233292
189,0.0455144,0.023527,0.028642,0.0232827,0.0454136,0.0232882
190,0.0464637,0.0239587,0.029101,0.0236923,0.0475143,0.0235615
191,0.0473944,0.0242302,0.0295042,0.0242293,0.0468945,0.0242255
192,0.0478752,0.0245158,0.0300123,0.0242547,0.0487064,0.0243695
193,0.0483392,0.0250069,0.0302742,0.0245923,0.0483314,0.0245291
194,0.0509187,0.0252158,0.0307181,0.0267189,0.0489345,0.0251107
195,0.0503632,0.0256774,0.0311599,0.025538,0.0498431,0.0254439
196,0.0514709,0.0263435,0.0319258,0.0259172,0.0508475,0.0259844
197,0.0525075,0.0265815,0.0322213,0.0262336,0.0517275,0.0261698
198,0.052166,0.026824,0.0327356,0.0265493,0.0519688,0.0263921
199,0.0534705,0.027387,0.0332391,0.0270368,0.0529642,0.026845
200,0.0542486,0.0278779,0.0337017,0.0274656,0.0535436,0.0280114
201,0.0545942,0.028154,0.0341554,0.0278865,0.0548424,0.0277452
202,0.0578432,0.0285976,0.0347002,0.0282253,0.0551058,0.0280896
203,0.0571573,0.0289634,0.0350901,0.0286511,0.0561144,0.028526
204,0.0571291,0.029338,0.0354587,0.028944,0.0570129,0.0290163
205,0.061281,0.029781,0.0360721,0.0294455,0.0572725,0.0293359
206,0.058133,0.0300771,0.0364491,0.0297082,0.0579987,0.0296942
207,0.0605968,0.03054,0.0371436,0.0305096,0.059439,0.0301013
208,0.0606136,0.0309119,0.0375598,0.0305796,0.0601159,0.0304577
209,0.0610184,0.0312638,0.0383019,0.0310935,0.0614615,0.0308589
210,0.0638658,0.031749,0.0385381,0.0315677,0.0615562,0.0312903
211,0.0628667,0.032322,0.0390847,0.031843,0.0626513,0.0319909
212,0.0645478,0.0327314,0.0394061,0.0322594,0.0637373,0.032024
213,0.0643286,0.0328807,0.0399723,0.0327142,0.0645622,0.0325766
214,0.0651489,0.0334891,0.0402814,0.0329154,0.0652286,0.0328325
215,0.0662563,0.0339535,0.0411176,0.0335438,0.0660633,0.033486
216,0.0677575,0.0344735,0.0413139,0.0337454,0.0682702,0.0336982
217,0.0703645,0.0346505,0.0420298,0.0344491,0.0676039,0.034377
218,0.0681909,0.0352786,0.0423058,0.0346768,0.0687863,0.0344432
219,0.0736329,0.035343,0.04321,0.0354575,0.0693622,0.0351465
220,0.0699774,0.0363062,0.0434539,0.035447,0.0703338,0.0353051
221,0.072181,0.0362481,0.0438707,0.0361139,0.0709784,0.0360623
222,0.0720727,0.0370707,0.0445371,0.0364096,0.0725357,0.0362486
223,0.0733053,0.0371473,0.0450246,0.0370032,0.0734275,0.0368347
224,0.0738318,0.0377067,0.0455046,0.0371028,0.0738443,0.0370561
225,0.0754597,0.0382234,0.0461963,0.0380122,0.0746296,0.0379636
226,0.0752145,0.0387023,0.0464719,0.0381478,0.0755114,0.037954
227,0.0770747,0.03909,0.0473681,0.0388344,0.0764005,0.0386123
228,0.0773132,0.0398411,0.0475489,0.0390689,0.077827,0.0390352
229,0.079215,0.0398578,0.048152,0.0396768,0.0779846,0.0394344
230,0.0797293,0.0404447,0.0486694,0.0400315,0.0800743,0.0397162
231,0.0810592,0.0409666,0.0493647,0.0406264,0.0809931,0.0402557
232,0.0812483,0.0415297,0.0499265,0.0410072,0.0818429,0.0408261
233,0.0825265,0.0418571,0.0505347,0.0414522,0.082721,0.0412861
234,0.0833546,0.0424014,0.050998,0.0420369,0.0841234,0.0419515
235,0.0844457,0.042894,0.0516002,0.0452234,0.0847341,0.0421447
236,0.0857545,0.0433887,0.0523313,0.0430739,0.0872197,0.0427005
237,0.0862725,0.0439308,0.0529475,0.0435322,0.0865839,0.043209
238,0.0871323,0.0445813,0.0534402,0.044178,0.0881151,0.0437928
239,0.0893051,0.0450058,0.0540937,0.0446496,0.0886059,0.0443825
240,0.0899338,0.0456213,0.0549682,0.045119,0.0897988,0.0450379
241,0.0908632,0.0460117,0.0553443,0.0456155,0.090722,0.0454226
242,0.0916365,0.046492,0.0558594,0.0460156,0.0908216,0.0458065
243,0.092691,0.0468319,0.0564341,0.0464587,0.0922873,0.0462127
244,0.0939386,0.0475584,0.0571771,0.0470458,0.0944009,0.0470649
245,0.0954422,0.0485039,0.0578849,0.0479531,0.0944597,0.0474278
246,0.0965238,0.0511602,0.058453,0.0482684,0.0969555,0.0479087
247,0.0970674,0.0492126,0.059109,0.0488972,0.0976796,0.0486938
248,0.0987272,0.0498055,0.0596148,0.0494086,0.0982885,0.0489555
249,0.0993699,0.0502949,0.060436,0.0499568,0.0986624,0.0497782
250,0.100137,0.0507592,0.0608599,0.0503275,0.100559,0.0500892
251,0.101147,0.0515512,0.0615722,0.051192,0.101108,0.0506
252,0.102748,0.0520647,0.0626101,0.0516235,0.10256,0.0515103
253,0.104458,0.0526439,0.06311,0.0523838,0.103567,0.0518699
254,0.104197,0.0533627,0.0638658,0.0529521,0.105024,0.0525865
255,0.107014,0.0538218,0.0642434,0.0533879,0.106322,0.0531355
256,0.106868,0.0545121,0.0651235,0.0540011,0.108087,0.0540264
257,0.108149,0.0552017,0.0660047,0.0550235,0.109128,0.0544308
258,0.120624,0.0586097,0.0694186,0.0582497,0.11658,0.057826
259,0.123366,0.0607193,0.0717935,0.0600545,0.12113,0.0597507
260,0.125275,0.0625187,0.0737413,0.0619897,0.133681,0.0618208
261,0.127603,0.063395,0.0748772,0.062979,0.128233,0.063048
262,0.131327,0.0646451,0.0758752,0.0642821,0.130295,0.0642456
263,0.133526,0.0659667,0.0770331,0.0653759,0.134074,0.0650607
264,0.132969,0.0669508,0.0779702,0.0664572,0.136221,0.0657545
265,0.137759,0.0676626,0.0792231,0.067386,0.141534,0.0670193
266,0.136431,0.0684967,0.079954,0.0680483,0.138069,0.0674117
267,0.141591,0.0693535,0.0810071,0.0688709,0.139397,0.068733
268,0.138406,0.0702172,0.0814271,0.0694793,0.139905,0.0694948
269,0.146233,0.0707383,0.0827664,0.0702262,0.142247,0.0698133
270,0.151074,0.0715011,0.0836353,0.0710525,0.144228,0.070733
271,0.143651,0.0726316,0.0845908,0.0720008,0.148105,0.0714878
272,0.153573,0.0734678,0.0853994,0.072901,0.151213,0.0725536
273,0.152369,0.0741043,0.0863867,0.0734569,0.153443,0.0733935
274,0.155625,0.0748907,0.0868963,0.0745439,0.151033,0.074361
275,0.157599,0.0755535,0.087475,0.0749745,0.154477,0.0750484
276,0.158834,0.076482,0.0888586,0.0760754,0.153286,0.0757472
277,0.154582,0.0775085,0.0898854,0.0768484,0.155612,0.0765115
278,0.157488,0.0781721,0.0899945,0.077532,0.157658,0.0773705
279,0.158464,0.0788217,0.0915415,0.0784847,0.161206,0.0781545
280,0.160517,0.0796726,0.0920777,0.0790927,0.162312,0.0787566
281,0.165459,0.0803581,0.0931114,0.0800717,0.159762,0.0794111
282,0.167221,0.0812783,0.0940043,0.0810189,0.171587,0.080632
283,0.164806,0.082194,0.0950133,0.0821516,0.165805,0.0812942
284,0.170424,0.0831013,0.0959041,0.0827971,0.172659,0.0818903
285,0.172078,0.0834522,0.096545,0.0835579,0.176696,0.0823125
286,0.170667,0.0842451,0.0972655,0.0839867,0.169112,0.0839599
287,0.179373,0.0851549,0.0984014,0.0848205,0.174549,0.0842697
288,0.173177,0.0858498,0.0997157,0.0855268,0.193577,0.0850561
289,0.18217,0.0868517,0.0999192,0.086742,0.185067,0.0858111
290,0.177574,0.0872705,0.10085,0.087235,0.176097,0.0865843
291,0.180386,0.0884547,0.10264,0.0883406,0.185421,0.0872715
292,0.186778,0.0891806,0.102498,0.0894288,0.189659,0.0880675
293,0.189991,0.0897443,0.103864,0.0892284,0.180359,0.0900065
294,0.184292,0.090767,0.104581,0.0906394,0.196888,0.0937468
295,0.199383,0.0913215,0.105373,0.0912596,0.184394,0.0904852
296,0.186785,0.0923958,0.1065,0.0922725,0.190345,0.0915157
297,0.197784,0.0930163,0.107181,0.0928061,0.194814,0.0922045
298,0.190693,0.0937665,0.10799,0.093836,0.200039,0.0930503
299,0.200989,0.0949045,0.109193,0.0945902,0.191005,0.0947017
300,0.204525,0.0955277,0.11017,0.0952356,0.194222,0.0945566
301,0.212432,0.0969711,0.110719,0.0964376,0.200227,0.0960478
302,0.200126,0.0983116,0.11201,0.097123,0.210011,0.0963041
303,0.209376,0.0982515,0.112961,0.0978374,0.203016,0.0970612
304,0.210393,0.0990416,0.113698,0.0990926,0.201595,0.0983165
305,0.211086,0.10026,0.114834,0.0994634,0.211822,0.0992601
306,0.203827,0.100596,0.115871,0.100379,0.211687,0.100213
307,0.216086,0.101939,0.116282,0.101792,0.214195,0.100864
308,0.221994,0.102818,0.117619,0.102351,0.210701,0.102311
309,0.222818,0.103054,0.118307,0.102825,0.211212,0.10242
310,0.217047,0.103909,0.119237,0.105998,0.211294,0.103798
311,0.228462,0.105078,0.120113,0.104539,0.216642,0.104576
312,0.218031,0.105585,0.12129,0.105675,0.21533,0.105321
313,0.216521,0.106705,0.122189,0.106368,0.224237,0.106642
314,0.221791,0.107401,0.123222,0.107313,0.219307,0.107112
315,0.218774,0.108299,0.124143,0.108373,0.222434,0.107751
316,0.232855,0.109357,0.125107,0.109004,0.236164,0.108579
317,0.240263,0.110358,0.126024,0.110411,0.241912,0.10968
318,0.229281,0.111346,0.127868,0.110731,0.233956,0.110635
319,0.237727,0.111907,0.127878,0.1118,0.24144,0.111726
320,0.22897,0.113003,0.129657,0.11261,0.22965,0.112669
321,0.251736,0.114571,0.13051,0.114339,0.235675,0.113051
322,0.232666,0.115154,0.131616,0.114857,0.236988,0.114257
323,0.241482,0.116347,0.132868,0.115636,0.24121,0.115585
324,0.249264,0.11679,0.133701,0.120863,0.23728,0.115764
325,0.247176,0.117564,0.134838,0.126464,0.241262,0.1173
326,0.25209,0.118941,0.135461,0.128327,0.244869,0.11803
327,0.246824,0.119678,0.142551,0.119716,0.243476,0.118592
328,0.247885,0.120556,0.137368,0.12078,0.247805,0.119248
329,0.247622,0.121656,0.138743,0.121209,0.248843,0.121218
330,0.267224,0.122699,0.139587,0.122001,0.25424,0.121626
331,0.265201,0.123883,0.141029,0.123899,0.268028,0.122248
332,0.254399,0.124363,0.141851,0.124438,0.265948,0.123287
333,0.272617,0.125696,0.143113,0.125071,0.253046,0.124192
334,0.26995,0.126207,0.143563,0.126032,0.260255,0.132032
335,0.262206,0.127615,0.145124,0.126879,0.264288,0.126808
336,0.264467,0.128542,0.146407,0.128649,0.263911,0.127858
337,0.262762,0.130784,0.147162,0.12946,0.265724,0.12831
338,0.281697,0.13072,0.148122,0.130488,0.268804,0.129203
339,0.291326,0.131617,0.149803,0.131477,0.268318,0.130642
340,0.271302,0.134529,0.151065,0.132356,0.279264,0.131735
341,0.276644,0.13405,0.153129,0.133549,0.279786,0.132785
342,0.281768,0.134841,0.15356,0.134484,0.297085,0.133779
343,0.275248,0.135945,0.15491,0.135687,0.293212,0.135211
344,0.293741,0.137089,0.155491,0.136216,0.278246,0.136055
345,0.291448,0.13792,0.156458,0.13772,0.284796,0.13705
346,0.301012,0.139261,0.157751,0.138472,0.292291,0.138013
347,0.285677,0.141466,0.159477,0.140035,0.295804,0.13913
348,0.303459,0.141248,0.160424,0.141437,0.298035,0.146211
349,0.3225,0.142709,0.161728,0.142327,0.309923,0.14143
350,0.297863,0.143502,0.162809,0.147437,0.297398,0.142191
351,0.29834,0.144753,0.164414,0.147412,0.312328,0.143368
352,0.32127,0.145247,0.164961,0.145597,0.312297,0.144034
353,0.297807,0.150275,0.166425,0.146776,0.300195,0.145412
354,0.302012,0.147609,0.16667,0.147625,0.303786,0.14654
355,0.31327,0.148475,0.167559,0.148807,0.312513,0.146853
356,0.308896,0.149394,0.17008,0.149565,0.305278,0.148137
357,0.309379,0.151252,0.171471,0.15111,0.325443,0.149795
358,0.320961,0.151794,0.173154,0.152055,0.310673,0.150878
359,0.330262,0.153368,0.174372,0.153638,0.332489,0.151745
360,0.336351,0.154528,0.174746,0.155201,0.326476,0.153217
361,0.331064,0.155941,0.176285,0.155526,0.320073,0.154592
362,0.328651,0.156657,0.177555,0.156239,0.324647,0.155735
363,0.326819,0.158018,0.178397,0.158046,0.326079,0.156778
364,0.327003,0.159236,0.181019,0.159097,0.342838,0.15883
365,0.346925,0.161129,0.181757,0.160868,0.337569,0.160293
366,0.340358,0.162227,0.183644,0.162059,0.358252,0.16144
367,0.337458,0.163841,0.18487,0.162855,0.333451,0.162973
368,0.344486,0.165262,0.186235,0.164096,0.352821,0.16399
369,0.338797,0.167244,0.187807,0.166152,0.339659,0.164494
370,0.348454,0.167901,0.18848,0.166838,0.340902,0.165724
371,0.351079,0.168736,0.190951,0.168183,0.352627,0.16684
372,0.352326,0.169552,0.191262,0.16993,0.352517,0.168095
373,0.354521,0.17103,0.193253,0.170747,0.356884,0.170046
374,0.360664,0.172565,0.194523,0.172113,0.369705,0.171451
375,0.354717,0.173518,0.196228,0.174023,0.356572,0.173611
376,0.358266,0.175071,0.197942,0.175193,0.362615,0.174288
377,0.369712,0.17664,0.198581,0.176423,0.368046,0.174745
378,0.384187,0.177497,0.200837,0.177021,0.374247,0.176237
379,0.36619,0.179644,0.201678,0.178901,0.383211,0.178118
380,0.37767,0.181025,0.202658,0.180029,0.373646,0.17891
381,0.378465,0.181813,0.204167,0.181472,0.383932,0.180482
382,0.374623,0.183292,0.206468,0.183064,0.378491,0.18144
383,0.396773,0.184806,0.2077,0.183563,0.40361,0.182845
384,0.407173,0.186108,0.209746,0.186121,0.393519,0.185983
385,0.386319,0.187591,0.210459,0.188144,0.391035,0.186482
386,0.387406,0.18933,0.213018,0.190198,0.388835,0.18722
387,0.402229,0.191021,0.214502,0.18989,0.403344,0.188693
388,0.412269,0.275796,0.215606,0.192245,0.40094,0.190995
389,0.402909,0.208531,0.217581,0.193435,0.410214,0.192433
390,0.409707,0.194803,0.21905,0.194215,0.423843,0.192985
391,0.424435,0.196399,0.219848,0.195787,0.406464,0.196493
392,0.423956,0.198412,0.22254,0.198115,0.422587,0.19777
393,0.417057,0.198936,0.223682,0.199093,0.417409,0.198738
394,0.436526,0.201618,0.22571,0.200791,0.416044,0.200516
395,0.427696,0.203052,0.226628,0.202538,0.417562,0.202069
396,0.432993,0.204169,0.228702,0.203517,0.445354,0.203416
397,0.435373,0.206151,0.230842,0.205477,0.438248,0.205555
398,0.433795,0.20719,0.231127,0.206137,0.43158,0.206202
399,0.437379,0.208614,0.233938,0.208268,0.436917,0.207844
400,0.443427,0.210113,0.235281,0.209567,0.436386,0.209522
401,0.488221,0.21178,0.237869,0.210508,0.442372,0.210668
402,0.500118,0.213563,0.238416,0.212439,0.45659,0.212424
403,0.555048,0.214121,0.241164,0.213956,0.473318,0.213309
404,0.527973,0.217444,0.242473,0.215411,0.441011,0.215343
405,0.456493,0.21725,0.245343,0.217188,0.487231,0.216349
406,0.457713,0.219903,0.246499,0.220382,0.461327,0.219184
407,0.459947,0.221522,0.24948,0.221015,0.466034,0.220325
408,0.460964,0.223784,0.250219,0.222332,0.46139,0.221571
409,0.495255,0.22474,0.252477,0.224332,0.477032,0.222747
410,0.460289,0.226371,0.252346,0.225802,0.514288,0.22693
411,0.474659,0.228038,0.255243,0.226272,0.484815,0.225583
412,0.497033,0.230168,0.256788,0.228949,0.480885,0.227466
413,0.50203,0.232211,0.258283,0.229654,0.477721,0.228161
414,0.499793,0.232651,0.260235,0.232828,0.500262,0.231378
415,0.493341,0.236246,0.260992,0.232741,0.485671,0.230911
416,0.493816,0.235923,0.262997,0.234971,0.503934,0.234123
417,0.490329,0.237786,0.265121,0.236028,0.500729,0.234472
418,0.517213,0.237878,0.266881,0.237205,0.492877,0.2367
419,0.499255,0.24091,0.268813,0.240647,0.515984,0.239286
420,0.51755,0.242139,0.270188,0.241775,0.512811,0.240099
421,0.515054,0.243569,0.271551,0.243115,0.503603,0.242029
422,0.52846,0.245585,0.27421,0.244288,0.512725,0.243159
423,0.533584,0.247359,0.276639,0.246336,0.532465,0.244842
424,0.509377,0.248338,0.277289,0.248123,0.514468,0.247048
425,0.545832,0.250462,0.281231,0.249802,0.521631,0.247821
426,0.549127,0.252501,0.281393,0.251471,0.544436,0.25016
427,0.543519,0.253863,0.284282,0.252151,0.521297,0.251808
428,0.560647,0.255386,0.284894,0.254467,0.534417,0.253687
429,0.529266,0.257956,0.286183,0.256279,0.561632,0.254113
430,0.538434,0.258319,0.288971,0.257054,0.535962,0.256569
431,0.555748,0.260568,0.289704,0.259215,0.559267,0.259837
432,0.549042,0.262598,0.293203,0.261785,0.556372,0.261622
433,0.554482,0.264469,0.294829,0.263418,0.554045,0.263822
434,0.548725,0.266271,0.296479,0.265089,0.558203,0.264282
435,0.566908,0.26733,0.29947,0.265919,0.560026,0.266878
436,0.572168,0.2699,0.302828,0.268619,0.570706,0.268497
437,0.569451,0.271656,0.302522,0.27057,0.573343,0.269103
438,0.571107,0.273501,0.304195,0.272575,0.556168,0.271141
439,0.595725,0.274218,0.30537,0.274027,0.566991,0.279238
440,0.601675,0.277289,0.308224,0.275913,0.578821,0.274433
441,0.585191,0.27865,0.31047,0.278406,0.586238,0.277517
442,0.612952,0.281005,0.31123,0.279443,0.58545,0.278714
443,0.576018,0.281385,0.313282,0.280573,0.604094,0.303818
444,0.593671,0.28436,0.315337,0.281572,0.624887,0.28222
445,0.600159,0.285784,0.317809,0.284294,0.586131,0.282494
446,0.612653,0.287415,0.321754,0.286304,0.597594,0.284468
447,0.599631,0.289032,0.321066,0.288595,0.597148,0.288592
448,0.618193,0.291373,0.32388,0.290617,0.613858,0.344786
449,0.629102,0.293931,0.325695,0.292739,0.612198,0.33508
450,0.617994,0.302581,0.329265,0.295416,0.637497,0.340175
451,0.63082,0.297957,0.331602,0.297194,0.620011,0.297751
452,0.627236,0.3004,0.3335,0.299492,0.62578,0.309635
453,0.627057,0.301706,0.336156,0.300645,0.655832,0.312514
454,0.622568,0.303386,0.339582,0.302762,0.62266,0.30374
455,0.660583,0.306473,0.340995,0.305749,0.650069,0.312381
456,0.641481,0.308416,0.343617,0.309314,0.627896,0.338336
457,0.653693,0.310164,0.345106,0.310436,0.643275,0.316245
458,0.65568,0.31185,0.347135,0.312182,0.657766,0.346823
459,0.675076,0.314687,0.352107,0.314165,0.648938,0.392282
460,0.6807,0.316981,0.353704,0.316567,0.654709,0.359311
461,0.672639,0.31912,0.354442,0.318247,0.676253,0.344574
462,0.668883,0.322641,0.356389,0.320453,0.66519,0.333243
463,0.665373,0.322733,0.358442,0.321819,0.667879,0.353077
464,0.667882,0.326426,0.362038,0.325734,0.684725,0.350642
465,0.686793,0.327497,0.365285,0.328046,0.67621,0.330458
466,0.690454,0.332091,0.365997,0.330316,0.698753,0.333903
467,0.678439,0.332346,0.368262,0.331094,0.698592,0.460915
468,0.693473,0.334189,0.371666,0.332718,0.704505,0.38102
469,0.688604,0.337127,0.373431,0.337443,0.704722,0.361369
470,0.714315,0.339271,0.380608,0.338407,0.708923,0.357351
471,0.726077,0.340707,0.379164,0.339547,0.703853,0.339508
472,0.716256,0.347164,0.380455,0.342669,0.727835,0.344697
473,0.735999,0.345314,0.384479,0.344795,0.737136,0.345137
474,0.755834,0.348252,0.385435,0.345645,0.718683,0.354572
475,0.73374,0.350217,0.387988,0.350778,0.728843,0.356731
476,0.73316,0.351441,0.391098,0.35053,0.766897,0.360885
477,0.720361,0.353838,0.392472,0.352586,0.763984,0.355227
478,0.77523,0.358861,0.394947,0.356385,0.755022,0.420277
479,0.773671,0.358974,0.397106,0.358729,0.796608,0.362333
480,0.757895,0.360172,0.400275,0.359242,0.741369,0.365758
481,0.78501,0.363587,0.403369,0.361694,0.755926,0.365989
482,0.753426,0.365521,0.4051,0.367596,0.768124,0.368702
483,0.76901,0.367528,0.409131,0.367885,0.778821,0.378547
484,0.775307,0.370233,0.411084,0.370355,0.776953,0.370994
485,0.816823,0.373291,0.413703,0.371966,0.798568,0.413114
486,0.838336,0.375634,0.415942,0.374626,0.809974,0.385327
487,0.770613,0.378175,0.419321,0.37794,0.775416,0.379726
488,0.797226,0.388018,0.421071,0.381187,0.790251,0.389495
489,0.793219,0.385596,0.424475,0.380969,0.806355,0.440957
490,0.807268,0.388898,0.427953,0.385946,0.831881,0.558231
491,0.795477,0.393333,0.429857,0.387741,0.796647,0.427531
492,0.860128,0.397329,0.432947,0.389667,0.821324,0.400968
493,0.856942,0.394014,0.435375,0.392249,0.830445,0.391934
494,0.821619,0.396405,0.437007,0.39395,0.842476,0.39404
495,0.841432,0.3989,0.441141,0.397398,0.831468,0.395414
496,0.831912,0.401587,0.445302,0.400987,0.839875,0.399571
497,0.861832,0.403584,0.447498,0.402806,0.869901,0.403007
498,0.864677,0.408944,0.448328,0.405848,0.83794,0.401406
499,0.839205,0.407963,0.451703,0.409135,0.863951,0.405114
500,0.871315,0.411757,0.454298,0.41015,0.885124,0.407613
